[
	{
		"id":"100","name":"Rice","items":[
			{"id": "1001","code":"abc1001","name": "New Basmati","description": "New Basmati Rice","price":"110.50","unit":"kg","min":"1","max":"5","step":"0.5", "defaultValue":"2"},
			{"id": "1002","code":"abc1002","name": "Deradun","description": "Deradun Rice","price":"70","unit":"kg","min":"1","max":"10","step":"1", "defaultValue":"5"},
			{"id": "1003","code":"abc1003","name": "Local","description": "Good local produce","price":"40","unit":"kg","min":"1","max":"10","step":"1", "defaultValue":"5"},
			{"id": "1004","code":"abc1004","name": "Banskati","description": "Another Brand","price":"50","unit":"kg","min":"1","max":"10","step":"1", "defaultValue":"5"}
			]
	},
	{
		"id":"200","name":"Oil","items":[
			{"id": "2001","code":"abc2001","name": "Fortune","description": "Fortune","price":"125.75","unit":"pack","min":"1","max":"5","step":"1", "defaultValue":"1"},
			{"id": "2002","code":"abc2002","name": "Dhara","description": "Dhara","price":"125.75","unit":"pack","min":"1","max":"5","step":"1", "defaultValue":"1"},
			{"id": "2003","code":"abc2003","name": "Dutta Brand","description": "A. Dutta's Famous Mustard Oil","price":"125.75","unit":"pack","min":"1","max":"5","step":"1", "defaultValue":"1"},
			{"id": "2004","code":"abc2004","name": "Rice Bran","description": "Rice Bran","price":"125.75","unit":"pack","min":"1","max":"5","step":"1", "defaultValue":"1"},
			{"id": "2005","code":"abc2005","name": "Emami","description": "Emami","price":"125.75","unit":"pack","min":"1","max":"5","step":"1", "defaultValue":"1"},
			{"id": "2006","code":"abc2006","name": "Sunflower","description": "","price":"160","unit":"pack","min":"1","max":"5","step":"1", "defaultValue":"1"},
			{"id": "2007","code":"abc2007","name": "Sesame","description": "Pure Sesame Seed 1 Ltr.","price":"250","unit":"pack","min":"1","max":"5","step":"1", "defaultValue":"1"}
			]
	},
	{
		"id":"300","name":"Toothpaste","items":[
			{"id": "3001","code":"abc3001","name": "Colgate","description": "Fortune","price":"125.75","unit":"pack","min":"1","max":"5","step":"1", "defaultValue":"1"},
			{"id": "3002","code":"abc3002","name": "Neem","description": "Dhara","price":"125.75","unit":"pack","min":"1","max":"5","step":"1", "defaultValue":"1"},
			{"id": "3003","code":"abc3003","name": "White Gel","description": "A. Dutta's Famous Mustard Oil","price":"125.75","unit":"pack","min":"1","max":"5","step":"1", "defaultValue":"1"},
			{"id": "3004","code":"abc3004","name": "Sensodyne","description": "Rice Bran","price":"125.75","unit":"pack","min":"1","max":"5","step":"1", "defaultValue":"1"},
			{"id": "3005","code":"abc3005","name": "Local Brand","description": "Emami","price":"125.75","unit":"pack","min":"1","max":"5","step":"1", "defaultValue":"1"},
			{"id": "3006","code":"abc3006","name": "Dabur","description": "","price":"160","unit":"pack","min":"1","max":"5","step":"1", "defaultValue":"1"},
			{"id": "3007","code":"abc3007","name": "Red Powder","description": "Pure Sesame","price":"250","unit":"pack","min":"1","max":"5","step":"1", "defaultValue":"1"}
			]
	},
	{
		"id":"400","name":"Daal","items":[
			{"id": "4001","code":"abc4001","name": "Fortune","description": "Fortune","price":"125.75","unit":"pack","min":"1","max":"5","step":"1", "defaultValue":"1"},
			{"id": "4002","code":"abc4002","name": "Dhara","description": "Dhara","price":"125.75","unit":"pack","min":"1","max":"5","step":"1", "defaultValue":"1"},
			{"id": "4003","code":"abc4003","name": "Dutta Brand","description": "A. Dutta's Famous Mustard Oil","price":"125.75","unit":"pack","min":"1","max":"5","step":"1", "defaultValue":"1"},
			{"id": "4004","code":"abc4004","name": "Rice Bran","description": "Rice Bran","price":"125.75","unit":"pack","min":"1","max":"5","step":"1", "defaultValue":"1"},
			{"id": "4005","code":"abc4005","name": "Emami","description": "Emami","price":"125.75","unit":"pack","min":"1","max":"5","step":"1", "defaultValue":"1"},
			{"id": "4006","code":"abc4006","name": "Sunflower","description": "","price":"160","unit":"pack","min":"1","max":"5","step":"1", "defaultValue":"1"},
			{"id": "4007","code":"abc4007","name": "Sesame","description": "Pure Sesame Seed 1 Ltr.","price":"250","unit":"pack","min":"1","max":"5","step":"1", "defaultValue":"1"}
			]
	}
	
	
]